{
  "hash": "daa3040f",
  "configHash": "b8951a8b",
  "lockfileHash": "8276ee53",
  "browserHash": "f9629369",
  "optimized": {
    "@angular/common": {
      "src": "../../../../../../node_modules/@angular/common/fesm2022/common.mjs",
      "file": "@angular_common.js",
      "fileHash": "13853b92",
      "needsInterop": false
    },
    "@angular/common/http": {
      "src": "../../../../../../node_modules/@angular/common/fesm2022/http.mjs",
      "file": "@angular_common_http.js",
      "fileHash": "457ffc32",
      "needsInterop": false
    },
    "@angular/core": {
      "src": "../../../../../../node_modules/@angular/core/fesm2022/core.mjs",
      "file": "@angular_core.js",
      "fileHash": "91fd9e11",
      "needsInterop": false
    },
    "@angular/forms": {
      "src": "../../../../../../node_modules/@angular/forms/fesm2022/forms.mjs",
      "file": "@angular_forms.js",
      "fileHash": "9e3be7f9",
      "needsInterop": false
    },
    "@angular/platform-browser": {
      "src": "../../../../../../node_modules/@angular/platform-browser/fesm2022/platform-browser.mjs",
      "file": "@angular_platform-browser.js",
      "fileHash": "a5a618f4",
      "needsInterop": false
    },
    "@angular/router": {
      "src": "../../../../../../node_modules/@angular/router/fesm2022/router.mjs",
      "file": "@angular_router.js",
      "fileHash": "d219315e",
      "needsInterop": false
    },
    "rxjs/operators": {
      "src": "../../../../../../node_modules/rxjs/dist/esm5/operators/index.js",
      "file": "rxjs_operators.js",
      "fileHash": "0493b72a",
      "needsInterop": false
    }
  },
  "chunks": {
    "chunk-65X5L3H5": {
      "file": "chunk-65X5L3H5.js"
    },
    "chunk-EQ5BC4E2": {
      "file": "chunk-EQ5BC4E2.js"
    },
    "chunk-OQT2L36L": {
      "file": "chunk-OQT2L36L.js"
    },
    "chunk-DPS6DF4Q": {
      "file": "chunk-DPS6DF4Q.js"
    },
    "chunk-IH3EMJUE": {
      "file": "chunk-IH3EMJUE.js"
    },
    "chunk-T2UPE7AW": {
      "file": "chunk-T2UPE7AW.js"
    }
  }
}